mutation_name,label,pred
"T0K,V2A,D7N",0.21198802,0.19720317
"T0K,V2A,Q3R,D7N",0.3132243,0.46353376
"T0K,V2A,Q3R",0.3982414,0.32841545
"T0K,Q3R,D7N",0.2677081,0.4109913
"T0K,Y1F,V2A,D7N",-0.048881195,-0.0024000406
"T0K,Y1F,V2A",0.13181455,0.07524
"T0K,Y1F,V2A,Q3R,D7N",0.24707009,0.24686891
"T0K,Y1F,V2A,Q3R",0.2737515,0.27560574
"T0K,Y1F,D7N",0.26415512,0.110103995
"T0K,Y1F,Q3R,D7N",0.19930902,0.3598884
"T0K,Y1F,Q3R",0.4517835,0.46243897
"V2A,Q3R,D7N",-0.025820972,0.29689124
"Y50H,P53H,V54L,N55D",0.39940932,0.26764524
"Y50H,P53H,N55D",0.41908753,0.3707528
"Y50H,V54L,N55D",0.31382555,0.23925032
"Y50H,T52A,P53H,V54L",-0.05784997,-0.19928154
"Y50H,T52A,P53H,V54L,N55D",0.44753647,0.210273
"Y50H,T52A,P53H",0.10056722,-0.12751351
"Y50H,T52A,P53H,N55D",0.2598778,0.4167583
"Y50H,T52A,V54L",0.13259621,-0.23439404
"Y50H,T52A,V54L,N55D",0.39824575,0.17813095
"Y50H,T52A,N55D",0.24372032,0.40154138
"P53H,V54L,N55D",0.31074286,0.16158837
"T52A,P53H,V54L",-0.03873379,-0.0079459585
"T52A,P53H,V54L,N55D",0.045317627,0.11431973
"T52A,P53H,N55D",0.15383254,0.2506158
"T52A,V54L,N55D",0.18552542,0.11368556
"N49S,Y50H,P53H,V54L",-0.08308261,0.20675391
"N49S,Y50H,P53H,V54L,N55D",0.6291241,0.72381127
"N49S,Y50H,P53H",0.25946507,0.2751528
"N49S,Y50H,P53H,N55D",0.4620566,0.921238
"N49S,Y50H,V54L",0.5670414,0.15120399
"N49S,Y50H,V54L,N55D",0.17624122,0.6731357
"N49S,Y50H,N55D",0.3049126,0.89161575
"N49S,Y50H,T52A,P53H,V54L",0.053152177,0.11691429
"N49S,Y50H,T52A,P53H,V54L,N55D",0.11689834,0.68047154
"N49S,Y50H,T52A,P53H",0.2340135,0.28657252
"N49S,Y50H,T52A,P53H,N55D",0.5041437,0.9993867
"N49S,Y50H,T52A,V54L",0.12617658,0.0597796
"N49S,Y50H,T52A,V54L,N55D",0.1020328,0.6261363
"N49S,Y50H,T52A",0.16677193,0.25252926
"N49S,Y50H,T52A,N55D",0.17978889,0.9622955
"N49S,P53H,V54L,N55D",0.20773108,0.28152886
"N49S,P53H,N55D",0.48990646,0.4306379
"N49S,V54L,N55D",0.4285884,0.25505507
"N49S,T52A,P53H,V54L",-0.08127607,-0.0831304
"N49S,T52A,P53H,V54L,N55D",0.3708468,0.23708734
"N49S,T52A,P53H,N55D",0.42690828,0.49214113
"N49S,T52A,V54L",0.4654375,-0.12121554
"N49S,T52A,V54L,N55D",0.3422807,0.20760566
"N49S,T52A,N55D",0.5012957,0.48012072
"Y1F,V2A,D7N",-0.09558828,-0.13516594
"Y1F,V2A,Q3R,D7N",-0.14801909,0.10754444
"Y1F,V2A,Q3R",0.22485459,0.16751654
"Y1F,Q3R,D7N",0.2948426,0.21379536
