mutation_name,label,ESM-1v,ESM-2 (3B),ESM-IF1,ESM-MSA-1b,ProteinMPNN,VESPA
"N49S,P53H,N55D",0.4899064600467682,-17.134833002090453,-13.212367057800291,-0.0956148420061384,-14.167657852172852,-1.4259885549545288,1.2943571473348168
"N49S,P53H,V54L,N55D",0.207731083035469,-20.19713497161865,-16.807804107666016,-0.1271979468209403,-16.058127403259277,-1.4492744207382202,1.6456678763466015
"N49S,T52A,N55D",0.5012956857681274,-13.242129564285278,-10.96958351135254,-0.0053610120500837,-12.38914966583252,-1.3658119440078735,1.202637812570284
"N49S,T52A,P53H,N55D",0.4269082844257355,-20.895445013046263,-16.715325355529785,-0.1024179458618164,-17.087464332580566,-1.4810514450073242,1.6361448913569732
"N49S,T52A,P53H,V54L",-0.0812760666012764,-20.62026143074036,-17.011348724365234,-0.1590674264090403,-15.292118072509766,-1.4940699338912964,1.6287511634267084
"N49S,T52A,P53H,V54L,N55D",0.3708468079566955,-23.957746982574463,-20.310762405395508,-0.1402692794799804,-18.977933883666992,-1.4440912008285522,1.987455620368758
"N49S,T52A,V54L",0.46543750166893,-12.96694598197937,-11.265606880187988,-0.0606243950980052,-10.59380340576172,-1.4457261562347412,1.1952440846400192
"N49S,T52A,V54L,N55D",0.3422806859016418,-16.304431533813478,-14.565020561218262,-0.0425789696829661,-14.279619216918944,-1.363869547843933,1.5539485415820686
"N49S,V54L,N55D",0.4285883903503418,-12.543819522857666,-11.06206226348877,-0.0413267953055247,-11.35981273651123,-1.4271708726882937,1.212160797559912
"N49S,Y50H,N55D",0.3049125969409942,-18.78281226158142,-14.713306903839111,-0.0452432632446289,-16.25945281982422,-1.4297059774398804,1.430993693892888
"N49S,Y50H,P53H",0.2594650685787201,-23.0986421585083,-17.159635066986084,-0.1467413221086775,-17.27195167541504,-1.4973379373550415,1.5057963157375278
"N49S,Y50H,P53H,N55D",0.4620566070079803,-26.436127710342408,-20.45904874801636,-0.1322908401489257,-20.957767486572266,-1.5218470096588137,1.8645007726795773
"N49S,Y50H,P53H,V54L",-0.0830826088786125,-26.160944128036498,-20.755072116851807,-0.1762896946498326,-19.162421226501465,-1.5338268280029297,1.8571070447493123
"N49S,Y50H,P53H,V54L,N55D",0.629124104976654,-29.498429679870604,-24.05448579788208,-0.162170273917062,-22.84823703765869,-1.5037511587142944,2.2158115016913618
"N49S,Y50H,T52A",0.1667719334363937,-19.205938720703124,-14.91685152053833,-0.0556583404541015,-15.493443489074709,-1.456287145614624,1.414076980972995
"N49S,Y50H,T52A,N55D",0.1797888875007629,-22.54342427253723,-18.216265201568604,-0.0387947899954661,-19.179259300231934,-1.4804774522781372,1.7727814379150444
"N49S,Y50H,T52A,P53H",0.2340134978294372,-26.859254169464112,-20.662593364715576,-0.1521521977015905,-20.191758155822757,-1.517974853515625,1.847584059759684
"N49S,Y50H,T52A,P53H,N55D",0.5041437149047852,-30.19673972129822,-23.96200704574585,-0.1349994114467076,-23.87757396697998,-1.4843194484710691,2.2062885167017336
"N49S,Y50H,T52A,P53H,V54L",0.0531521774828434,-29.921556138992308,-24.2580304145813,-0.1885497229439872,-22.08222770690918,-1.530220627784729,2.1988947887714687
"N49S,Y50H,T52A,P53H,V54L,N55D",0.1168983429670333,-33.259041690826415,-27.55744409561157,-0.1701033455984935,-25.768043518066406,-1.4874376058578491,2.557599245713518
"N49S,Y50H,T52A,V54L",0.126176580786705,-22.268240690231323,-18.512288570404053,-0.0928064073835102,-17.383913040161133,-1.4626519680023191,1.7653877099847797
"N49S,Y50H,T52A,V54L,N55D",0.1020328029990196,-25.60572624206543,-21.81170225143433,-0.0742965425763813,-21.06972885131836,-1.4746869802474976,2.124092166926829
"N49S,Y50H,V54L",0.5670413970947266,-18.507628679275516,-15.00933027267456,-0.0919464656284878,-14.464106559753418,-1.488960862159729,1.423599965962623
"N49S,Y50H,V54L,N55D",0.1762412190437317,-21.84511423110962,-18.308743953704838,-0.0764874049595425,-18.149922370910645,-1.4307163953781128,1.7823044229046725
"P53H,V54L,N55D",0.3107428550720215,-14.053102970123293,-12.640592575073242,-0.1058352334158763,-10.2746000289917,-1.5243998765945437,1.1435222647405234
"T0K,Q3R,D7N",0.2677080929279327,-12.545751810073853,-14.039055109024048,-0.031937735421317,-18.56849813461304,-1.408732533454895,1.0499805370071422
"T0K,V2A,D7N",0.211988016963005,-13.73261342048645,-14.159957647323608,-0.1365250178745816,-18.74531126022339,-1.4519684314727783,1.1574470940170716
"T0K,V2A,Q3R",0.3982414007186889,-9.961551570892334,-11.84459352493286,-0.0986942563738142,-17.07723045349121,-1.4848109483718872,1.024297899687761
"T0K,V2A,Q3R,D7N",0.3132242858409881,-16.533616733551025,-17.824141025543213,-0.1328032357352122,-21.92109632492065,-1.5004295110702517,1.4373413834292263
"T0K,Y1F,D7N",0.2641551196575165,-13.403752660751342,-14.18467903137207,-0.0507800238473075,-16.555120944976807,-1.4499119520187378,0.9859830218819694
"T0K,Y1F,Q3R",0.4517835080623626,-9.632690811157229,-11.869314908981323,-0.0132161549159459,-14.887040138244627,-1.3675771951675415,0.8528338275526588
"T0K,Y1F,Q3R,D7N",0.1993090212345123,-16.204755973815917,-17.848862409591675,-0.0496497835431781,-19.730906009674072,-1.399809956550598,1.2658773112941242
"T0K,Y1F,V2A",0.1318145543336868,-10.819552421569824,-11.990217447280884,-0.1078124727521625,-15.06385326385498,-1.471718668937683,0.960300384562588
"T0K,Y1F,V2A,D7N",-0.0488811954855918,-17.391617584228516,-17.969764947891235,-0.1451271602085659,-19.907719135284424,-1.4787148237228394,1.3733438683040533
"T0K,Y1F,V2A,Q3R",0.2737514972686767,-13.6205557346344,-15.654400825500488,-0.1054999487740653,-18.23963832855225,-1.465169906616211,1.2401946739747427
"T0K,Y1F,V2A,Q3R,D7N",0.2470700889825821,-20.19262089729309,-21.63394832611084,-0.1424173627580915,-23.08350419998169,-1.4727977514266968,1.653238157716208
"T52A,P53H,N55D",0.1538325399160385,-14.751413011550904,-12.548113822937012,-0.08107784816197,-11.303936958312988,-1.4114869832992554,1.133999279750895
"T52A,P53H,V54L",-0.0387337915599346,-14.476229429244995,-12.84413719177246,-0.1369400024414062,-9.508590698242188,-1.53502357006073,1.1266055518206306
"T52A,P53H,V54L,N55D",0.0453176274895668,-17.8137149810791,-16.143550872802734,-0.1188705989292691,-13.194406509399414,-1.5095983743667605,1.48531000876268
"T52A,V54L,N55D",0.1855254173278808,-10.160399532318117,-10.397809028625488,-0.0215034484863281,-8.496091842651367,-1.4712859392166138,1.0518029299759906
"V2A,Q3R,D7N",-0.0258209723979234,-13.36093339920044,-13.42881679534912,-0.1209477015904019,-11.372249126434326,-1.467666506767273,1.080298619575704
"Y1F,Q3R,D7N",0.2948426008224487,-13.032072639465332,-13.453538179397585,-0.0456156049455915,-9.182058811187744,-1.4180501699447632,0.908834547440602
"Y1F,V2A,D7N",-0.095588281750679,-14.218934249877927,-13.574440717697144,-0.138453347342355,-9.358871936798096,-1.5168601274490356,1.0163011044505312
"Y1F,V2A,Q3R",0.2248545885086059,-10.447872400283812,-11.259076595306396,-0.0972412654331753,-7.690791130065918,-1.423856496810913,0.8831519101212206
"Y1F,V2A,Q3R,D7N",-0.1480190902948379,-17.019937562942506,-17.238624095916748,-0.1343517303466797,-12.53465700149536,-1.486666917800903,1.296195393862686
"Y50H,P53H,N55D",0.4190875291824341,-20.292095708847047,-16.291837215423584,-0.112158911568778,-15.174240112304688,-1.4834774732589722,1.3623551610734992
"Y50H,P53H,V54L,N55D",0.3994093239307403,-23.354397678375243,-19.887274265289307,-0.1419887542724609,-17.064709663391113,-1.520052194595337,1.713665890085284
"Y50H,T52A,N55D",0.2437203228473663,-16.39939227104187,-14.04905366897583,-0.0190642220633372,-13.395731925964355,-1.4735219478607178,1.2706358263089663
"Y50H,T52A,P53H",0.1005672216415405,-20.71522216796875,-16.495381832122803,-0.1317358016967773,-14.408230781555176,-1.5158926248550415,1.3454384481536064
"Y50H,T52A,P53H,N55D",0.2598778009414673,-24.052707719802857,-19.79479551315308,-0.1154133932931082,-18.0940465927124,-1.5115340948104858,1.7041429050956558
"Y50H,T52A,P53H,V54L",-0.0578499697148799,-23.777524137496947,-20.090818881988525,-0.1681085314069477,-16.2987003326416,-1.560617446899414,1.6967491771653909
"Y50H,T52A,P53H,V54L,N55D",0.4475364685058594,-27.115009689331053,-23.3902325630188,-0.1505131040300642,-19.984516143798828,-1.4957364797592163,2.0554536341074403
"Y50H,T52A,V54L",0.1325962096452713,-16.124208688735962,-14.34507703781128,-0.0727171216692244,-11.600385665893556,-1.4457552433013916,1.2632420983787016
"Y50H,T52A,V54L,N55D",0.3982457518577575,-19.46169424057007,-17.644490718841553,-0.0548725128173828,-15.28620147705078,-1.4407455921173096,1.621946555320751
"Y50H,V54L,N55D",0.3138255476951599,-15.701082229614258,-14.14153242111206,-0.0569462094988142,-12.366394996643066,-1.4726008176803589,1.2801588112985949
